date,cpi,wage,real_wage,inflation,nominal_wage_growth,real_wage_growth
2007-03-01,205.288,20.72,33.724301079459096,2.798197295943927,3.3932135728542923,0.5788197580910648
2007-04-01,205.904,20.79,33.73700117530499,2.5929247633283525,3.073872087258289,0.46879190259896397
2007-05-01,206.755,20.84,33.67894387076491,2.709885742672613,3.5270740188773075,0.7956276752678404
2007-06-01,207.234,20.95,33.77845551405657,2.692765113974227,3.6102868447082104,0.8934628741524842
2007-07-01,207.603,20.94,33.70232193176399,2.3178905864958077,3.2035485460818247,0.8655944278262107
2007-08-01,207.667,21.0,33.788473854777116,1.897448478900876,3.34645669291338,1.42202600324437
2007-09-01,208.547,21.04,33.70998499139282,2.8338264299802685,3.1372549019607954,0.29506679126358737
2007-10-01,209.19,21.06,33.63831378172952,3.610698365527476,3.134182174338873,-0.45991022037852325
2007-11-01,210.834,21.12,33.47110390164774,4.373267326732666,3.0746705710102518,-1.2441852104306261
2007-12-01,211.445,21.16,33.437593511315,4.108813392417532,2.818270165208947,-1.2396099668758431
2008-01-01,212.174,21.19,33.369950559446494,4.294695655165981,2.9140359397765936,-1.3238062652335625
2008-02-01,212.687,21.27,33.4151422983069,4.142959270611968,2.852998065764023,-1.2386446610337054
2008-03-01,213.448,21.36,33.4368940444511,3.9749035501344343,3.0888030888030826,-0.8522253265703661
2008-04-01,213.942,21.38,33.39092267997868,3.9037609759888126,2.8379028379028393,-1.0258128561219992
2008-05-01,215.208,21.47,33.3342281420765,4.088413823123993,3.023032629558542,-1.0235348531449806
2008-06-01,217.463,21.52,33.0653909860528,4.935966105947864,2.7207637231503545,-2.1110039436440076
2008-07-01,219.016,21.6,32.95297877780619,5.497512078341837,3.151862464183375,-2.2234169962383366
2008-08-01,218.69,21.7,33.15488911244227,5.308017162091239,3.3333333333333215,-1.8751505174752658
2008-09-01,218.877,21.73,33.172359955591496,4.953319875136075,3.279467680608361,-1.5948539755760716
2008-10-01,216.995,21.76,33.50625848521855,3.7310578899565128,3.3238366571699984,-0.39257406708268494
2008-11-01,213.153,21.86,34.26695218927249,1.0999174706166848,3.5037878787878673,2.37771747822626
2008-12-01,211.398,21.95,34.693684188119086,-0.02222800255385904,3.7334593572778685,3.7565223597177733
2009-01-01,211.933,21.96,34.621869930591274,-0.11358601902212717,3.6337895233600648,3.7516368773593545
2009-02-01,212.705,21.98,34.52762925178063,0.008463140671510772,3.338034790785138,3.329289887627085
2009-03-01,212.495,22.05,34.6718207487235,-0.4464787676623838,3.2303370786517016,3.6933056719642643
2009-04-01,212.709,22.1,34.7154803040774,-0.5763244243767063,3.3676333021515514,3.966819476039607
2009-05-01,213.022,22.12,34.695842307367315,-1.015761495855172,3.0274802049371274,4.084732844232586
2009-06-01,214.79,22.14,34.44136291261232,-1.2291746182109153,2.8810408921933206,4.161365964612118
2009-07-01,214.726,22.18,34.513871538611994,-1.9587610037622771,2.6851851851851682,4.736727357276327
2009-08-01,215.445,22.23,34.47623351667479,-1.4838355663267633,2.4423963133640703,3.9853681903482707
2009-09-01,215.861,22.27,34.471708043602135,-1.377942862886472,2.4850437183617125,3.916960052736984
2009-10-01,216.509,22.31,34.43026668637331,-0.22396829420033848,2.527573529411753,2.7577182381088194
2009-11-01,217.234,22.34,34.361502066895596,1.9145871744709275,2.1957913998170264,0.27592146830235365
2009-12-01,217.347,22.37,34.3897567944347,2.8141231232083674,1.913439635535319,-0.8760308995620081
2010-01-01,217.488,22.4,34.41355109247406,2.6211113889767157,2.003642987249532,-0.6016972466676318
2010-02-01,217.281,22.46,34.538603283305946,2.151336357866529,2.1838034576888044,0.03178333341478101
2010-03-01,217.353,22.46,34.527162081958835,2.2861714393279886,1.8594104308389925,-0.41722258491425634
2010-04-01,217.403,22.49,34.565328859307364,2.2067707525304403,1.764705882352935,-0.4325201421810698
2010-05-01,217.29,22.51,34.61405867734364,2.003548929218568,1.7631103074141175,-0.2357159376594975
2010-06-01,217.199,22.53,34.65932821974318,1.1215605940686268,1.7615176151761558,0.6328591225727598
2010-07-01,217.605,22.59,34.68679161783966,1.3407784804821077,1.8485121731289356,0.501016175580915
2010-08-01,217.923,22.62,34.68217315290263,1.1501775395112546,1.7543859649122862,0.5973379781414767
2010-09-01,218.275,22.67,34.70278213263086,1.1183122472331775,1.7961383026493083,0.6703296765464772
2010-10-01,219.035,22.73,34.67389974205035,1.1666951489314625,1.8825638727028249,0.7076130367978495
2010-11-01,219.59,22.73,34.586263627669744,1.084544776600338,1.7457475380483478,0.6541086601411505
2010-12-01,220.472,22.76,34.49336677673355,1.437793022217937,1.7434063477872241,0.30128152088477744
2011-01-01,221.187,22.87,34.54803388083386,1.7007834915029774,2.098214285714306,0.39078439768807094
2011-02-01,221.898,22.87,34.437335938133735,2.124898173333145,1.825467497773814,-0.293200464250265
2011-03-01,223.046,22.87,34.260089712436,2.619241510354109,1.825467497773814,-0.7735138175818612
2011-04-01,224.093,22.91,34.159662327694306,3.0772344447868694,1.8674966651845315,-1.1736226588911047
2011-05-01,224.806,22.97,34.14049923044758,3.4589718808964998,2.043536206130603,-1.3681130297673705
2011-06-01,224.806,23.0,34.18508847628621,3.5023181506360412,2.0861074123391,-1.36828890753522
2011-07-01,225.395,23.11,34.25882299962288,3.5798809769996165,2.301903497122626,-1.2338086004952786
2011-08-01,226.106,23.06,34.077206531449846,3.75499603070808,1.945181255526074,-1.7443157866310122
2011-09-01,226.597,23.11,34.07709462172932,3.812621692818685,1.9408910454344896,-1.8029894793743506
2011-10-01,226.75,23.18,34.15725062844542,3.5222681306640524,1.979762428508569,-1.490023093590409
2011-11-01,227.169,23.19,34.108958044451484,3.451432214581729,2.0237571491421136,-1.3800437895130302
2011-12-01,227.223,23.22,34.14496692676357,3.062066838419386,2.0210896309314386,-1.0100488369983673
2012-01-01,227.842,23.26,34.1108621764205,3.0087663379855023,1.7052907739396606,-1.2654025578453965
2012-02-01,228.329,23.28,34.06737505967266,2.8981784423473878,1.7927415828596471,-1.074301679798062
2012-03-01,228.807,23.36,34.11303045798424,2.5828752813320977,2.1425448185395712,-0.4292436350462392
2012-04-01,229.187,23.39,34.10020677438074,2.2731633741348567,2.0951549541684766,-0.17405193512515238
2012-05-01,228.713,23.41,34.20009667137417,1.7379429374660749,1.9155420113191157,0.17456522977097322
2012-06-01,228.524,23.46,34.30148807127479,1.653870448297634,2.0000000000000018,0.34049815336685274
2012-07-01,228.59,23.49,34.33543545211951,1.4175114798464783,1.6443098225876307,0.22362838471559066
2012-08-01,229.918,23.48,34.122582311954694,1.6859349154821235,1.8213356461405095,0.13315581035955315
2012-09-01,231.015,23.57,34.09071995324979,1.9497168982819613,1.9904803115534442,0.03998384155607937
2012-10-01,231.638,23.56,33.98460684343674,2.1556780595369363,1.6393442622950838,-0.5054381773482275
2012-11-01,231.249,23.63,34.14291750450812,1.7960197033926262,1.8973695558430315,0.09956170461842273
2012-12-01,231.221,23.72,34.277108567128415,1.7595049796895523,2.1533161068044704,0.38700181097925945
2013-01-01,231.679,23.74,34.23819137686195,1.684061762098299,2.063628546861551,0.3732805104218917
2013-02-01,232.937,23.78,34.11066159519526,2.0181404902574807,2.1477663230240474,0.12706155213537684
2013-03-01,232.282,23.8,34.23561791270955,1.5187472411246183,1.8835616438356295,0.35935668300211
2013-04-01,231.797,23.87,34.4081544195999,1.138808047576867,2.052159042325785,0.903066797385299
2013-05-01,231.893,23.89,34.422727680438825,1.3903888279197085,2.0504058094831246,0.6509660227101088
2013-06-01,232.445,23.96,34.44160450859343,1.7157935271568725,2.1312872975277175,0.40848501099279844
2013-07-01,232.9,23.98,34.403011507084585,1.885471805415806,2.0859940400170363,0.1968114109381469
2013-08-01,233.456,24.02,34.37832662257556,1.538809488600279,2.2998296422487297,0.7494869769315793
2013-09-01,233.544,24.06,34.42260070907409,1.0947341081747997,2.078913873568089,0.9735222848899161
2013-10-01,233.669,24.09,34.44708450842858,0.8767991434911471,2.24957555178269,1.3608445350638432
2013-11-01,234.1,24.16,34.483575224263134,1.2328701961954458,2.2429115531104493,0.9977405115132232
2013-12-01,234.719,24.18,34.42110600334868,1.5128383667573297,1.9392917369308593,0.4200979669515048
2014-01-01,235.288,24.22,34.3946687463874,1.557758795574915,2.0219039595619215,0.457025804322142
2014-02-01,235.547,24.33,34.51288800112079,1.1204746347724948,2.3128679562657517,1.1791808986260977
2014-03-01,236.028,24.31,34.414241573033706,1.6126949139408042,2.1428571428571352,0.5217480250527151
2014-04-01,236.468,24.34,34.39259663041088,2.015125303606169,1.9689987431922962,-0.04521541318170952
2014-05-01,236.918,24.4,34.41189103402865,2.166947687079812,2.13478442863122,-0.031481079915507415
2014-06-01,237.231,24.46,34.45099611770806,2.0589816945944195,2.086811352253748,0.027268210202824328
2014-07-01,237.498,24.48,34.4404032033954,1.9742378703305974,2.0850708924103456,0.10868727670283462
2014-08-01,237.46,24.54,34.53034085740755,1.7150983482969062,2.164862614487917,0.44218043682258124
2014-09-01,237.477,24.56,34.55600904508647,1.6840509711232077,2.0781379883624274,0.38756030417310683
2014-10-01,237.43,24.59,34.60506797793033,1.6095417021513292,2.075550020755501,0.4586265332936712
2014-11-01,236.983,24.66,34.769036006802175,1.231524989320798,2.0695364238410674,0.8278166654198449
2014-12-01,236.252,24.63,34.834187774071744,0.6531213919623191,1.8610421836228186,1.2000827942102443
2015-01-01,234.747,24.74,35.21408554741913,-0.22993097820542818,2.146985962014858,2.382394803897614
2015-02-01,235.342,24.79,35.19604443745697,-0.08703146293520536,1.8906699547883266,1.9794241395098222
2015-03-01,235.976,24.85,35.18643993456961,-0.022031284423873476,2.221308103661057,2.243833733476741
2015-04-01,236.222,24.89,35.20637616310081,-0.10403098939391064,2.259654889071494,2.366147405021368
2015-05-01,237.001,24.97,35.203442474926256,0.03503321824429584,2.336065573770485,2.3002265121520704
2015-06-01,237.657,24.97,35.10627109658036,0.1795718097550525,2.085036794766948,1.9020494404093036
2015-07-01,238.034,25.01,35.10681797558332,0.22568611104094582,2.1650326797385766,1.9349795885148735
2015-08-01,238.033,25.1,35.233300004621206,0.2413037985344868,2.2819885900570602,2.035772395402957
2015-09-01,237.498,25.11,35.326737109365126,0.008842961634170088,2.2394136807817544,2.230373488075732
2015-10-01,237.733,25.2,35.41831045753008,0.12761656067050708,2.480683204554701,2.3500675684798633
2015-11-01,238.017,25.25,35.44624018452463,0.4363182169185187,2.3925385239253805,1.9477220409273688
2015-12-01,237.761,25.25,35.48440555852306,0.6387247515364791,2.517255379618355,1.8666081398782897
2016-01-01,237.652,25.37,35.669396722939425,1.2375025026943876,2.546483427647539,1.2929802618533826
2016-02-01,237.336,25.38,35.730966983517035,0.8472775790126619,2.3799919322307295,1.5198371141126987
2016-03-01,238.08,25.45,35.71754851310484,0.8916160965521946,2.4144869215291687,1.5094126587481993
2016-04-01,238.992,25.53,35.69309612874071,1.1726257503534843,2.5713137806347985,1.3824767518959336
2016-05-01,239.557,25.58,35.67865259625057,1.0784764621246223,2.4429315178213784,1.3498967371238901
2016-06-01,240.222,25.62,35.63552139271174,1.0792865347959424,2.603123748498204,1.507566254118431
2016-07-01,240.101,25.69,35.75089395712638,0.8683633430518256,2.7189124350259775,1.8346179422783715
2016-08-01,240.545,25.71,35.712685817622486,1.0553158595656864,2.430278884462145,1.3606043513903154
2016-09-01,241.176,25.77,35.702374489999,1.5486446201652182,2.628434886499398,1.0633231692781964
2016-10-01,241.741,25.9,35.79861463301632,1.685924966243646,2.777777777777768,1.0737501890223156
2016-11-01,242.026,25.9,35.75645963656797,1.6843334719788938,2.5742574257425765,0.8751829543229617
2016-12-01,242.637,25.93,35.70773142595729,2.0507989115119862,2.6930693069306955,0.629363417307105
2017-01-01,243.618,26.0,35.65995123513041,2.5103933482571117,2.4832479306267308,-0.026480649174931425
2017-02-01,244.006,26.07,35.69910235813873,2.8103616813294208,2.7186761229314405,-0.08917929759081344
2017-03-01,243.892,26.11,35.77058866219474,2.44119623655914,2.59332023575638,0.1484988508392293
2017-04-01,244.193,26.18,35.82227819798274,2.176223471915395,2.5460242851547132,0.3619245267378446
2017-05-01,244.004,26.21,35.89110633432239,1.8563431667619756,2.4628616106333157,0.5954645778695644
2017-06-01,244.163,26.26,35.9361576487838,1.640565809959127,2.4980483996877467,0.8436420861055449
2017-07-01,244.243,26.35,36.04750944755837,1.7251073506566073,2.5690930323083006,0.8296729328997943
2017-08-01,245.183,26.37,35.93656358719813,1.92812155729698,2.5670945157526326,0.6268858374834707
2017-09-01,246.435,26.49,35.91669279931827,2.1805652303711787,2.7939464493597077,0.6002914718719943
2017-10-01,246.626,26.5,35.902425129548384,2.020757753132485,2.316602316602312,0.28998467565368724
2017-11-01,247.284,26.54,35.86094021449022,2.172493864295566,2.471042471042484,0.2922005673497985
2017-12-01,247.805,26.63,35.90689667278706,2.129930719552253,2.699575780948704,0.5577650522065714
2018-01-01,248.859,26.72,35.87565778211758,2.151318868063945,2.7692307692307683,0.6048986033796666
2018-02-01,249.529,26.74,35.80611047212948,2.263468931091861,2.5700038358266175,0.2997501531473601
2018-03-01,249.577,26.85,35.94649086253941,2.3309497646499366,2.834163155878988,0.4917509242183149
2018-04-01,250.227,26.91,35.93323346401467,2.4709963021052994,2.7883880825057217,0.3097381618742956
2018-05-01,250.792,26.98,35.94554204280838,2.781921607842497,2.9378099961846704,0.1516690736109494
2018-06-01,251.018,27.03,35.9797342421659,2.8075506935940187,2.9322162985529365,0.12126113706421027
2018-07-01,251.214,27.1,36.04476701139268,2.854124785561929,2.8462998102466885,-0.007607838121737043
2018-08-01,251.663,27.21,36.1265045318541,2.6429238568742575,3.1854379977246827,0.5285450964032545
2018-09-01,252.182,27.32,36.197900405262864,2.332055105808828,3.133257833144598,0.7829440408553712
2018-10-01,252.772,27.37,36.17950354469641,2.492032470218053,3.2830188679245254,0.7717540365260289
2018-11-01,252.594,27.44,36.29759471721419,2.147328577667773,3.3911077618688834,1.2176326111704494
2018-12-01,252.767,27.56,36.431378937915156,2.0023809043401064,3.4923019151333,1.4606727780114293
2019-01-01,252.561,27.59,36.500783137539045,1.4875893578291333,3.2559880239521055,1.7424777525140378
2019-02-01,253.319,27.69,36.52346405125553,1.5188615351321877,3.552729992520587,2.0034389931417262
2019-03-01,254.277,27.77,36.49098373034132,1.8831863513063984,3.426443202979512,1.5147316323144366
2019-04-01,255.233,27.79,36.380485634694566,2.000583470209061,3.270159791898908,1.2446755484106342
2019-05-01,255.296,27.88,36.489299793181246,1.7959105553606136,3.335804299481082,1.512726528717523
2019-06-01,255.213,27.97,36.618996955484235,1.671194894390049,3.4776174620791522,1.7767299475190734
2019-07-01,255.802,28.03,36.61305200897569,1.826331335037068,3.4317343173431825,1.5766088802943168
2019-08-01,256.036,28.14,36.723141823806024,1.7376412106666406,3.4178610804851184,1.6515223370858978
2019-09-01,256.43,28.16,36.69277760012479,1.6844977040391562,3.0746705710102518,1.3671433683208223
2019-10-01,257.155,28.24,36.69327619529078,1.7339736996186295,3.178662769455598,1.4200655074209312
2019-11-01,257.879,28.34,36.719828058895835,2.092290394862917,3.279883381924198,1.1632543284787022
2019-12-01,258.63,28.38,36.664879480338705,2.3195274699624457,2.9753265602322276,0.640932485211354
2020-01-01,259.127,28.43,36.659029472034945,2.599767976845202,3.0445813700616053,0.4335422993517968
2020-02-01,259.25,28.54,36.78340883317261,2.3413166797595197,3.069700252798846,0.7117199550192854
2020-03-01,258.076,28.73,37.19673131170662,1.4940399642909163,3.4569679510262796,1.934032764314031
2020-04-01,256.032,30.04,39.20328412073491,0.3130472940411133,8.096437567470316,7.759100618899817
2020-05-01,255.802,29.72,38.82054604733348,0.1982013035848551,6.599713055954082,6.388848970425776
2020-06-01,257.042,29.38,38.191302510873705,0.7166562831830481,5.04111548087236,4.293688211342439
2020-07-01,258.352,29.39,38.01058280950022,0.9968647625897997,4.851944345344261,3.817028966014413
2020-08-01,259.316,29.49,37.99813042774067,1.2810698495523853,4.797441364605537,3.471894126194086
2020-09-01,259.997,29.51,37.92430608814717,1.3910228912373812,4.794034090909105,3.356323965014263
2020-10-01,260.319,29.54,37.915902181554166,1.2303863428671624,4.603399433427757,3.332016415640471
2020-11-01,260.911,29.64,37.95793523462023,1.1757452138405844,4.587155963302747,3.371767356150368
2020-12-01,262.045,29.91,38.1379465740617,1.3204191315779434,5.391120507399583,4.017651536296252
2021-01-01,262.687,29.93,38.07017793038864,1.3738437137002402,5.276116778051354,3.849388482666116
2021-02-01,263.579,30.05,38.093461732535594,1.6698167791706853,5.290819901892085,3.56153206274219
2021-03-01,264.961,30.03,37.86955034891927,2.6678187820641908,4.52488687782806,1.8088122624928094
2021-04-01,266.614,30.22,37.87287546790491,4.133077115360573,0.5992010652463353,-3.3936153122598567
2021-05-01,268.383,30.41,37.85978884653648,4.918257089467626,2.3216689098250365,-2.474867817741555
2021-06-01,270.654,30.54,37.70260458001729,5.295632620349999,3.9482641252552853,-1.279605299445541
2021-07-01,271.903,30.66,37.67687910762294,5.245169381309234,4.321197686287848,-0.8779231393260312
2021-08-01,272.676,30.78,37.717115477709804,5.152015301793966,4.374364191251279,-0.7395494116881896
2021-09-01,273.91,30.98,37.7911663685152,5.351215590949132,4.98136225008472,-0.3510669893933338
2021-10-01,276.55,31.14,37.62371845959139,6.235042390298062,5.416384563304,-0.7706099687769696
2021-11-01,278.919,31.23,37.41197670291375,6.901970403700863,5.3643724696356365,-1.4383251573929945
2021-12-01,280.845,31.39,37.34576755861774,7.174340285065539,4.948177866934134,-2.0771412375482745
2022-01-01,282.543,31.6,37.36967328866756,7.558805726967832,5.579685933845635,-1.8400351135787973
2022-02-01,284.5,31.64,37.15959521968365,7.937278766517819,5.291181364392683,-2.4515139091555116
2022-03-01,287.674,31.8,36.935440116242695,8.572204966013853,5.894105894105883,-2.466652558770699
2022-04-01,288.561,31.96,37.007172694854816,8.231750770777225,5.757776307081408,-2.2858121078863647
2022-05-01,291.298,32.1,36.820043735281395,8.538171195642065,5.557382439986847,-2.746304569921565
2022-06-01,294.957,32.19,36.46523693284105,8.979361103105798,5.402750491159125,-3.281915562491544
2022-07-01,294.913,32.34,36.64062465879768,8.462576727730099,5.47945205479452,-2.7503723062232144
2022-08-01,295.097,32.44,36.73100587264526,8.222579178218826,5.393112410656253,-2.6144883896206617
2022-09-01,296.349,32.57,36.72240051425853,8.192106896425821,5.132343447385401,-2.828083800946357
2022-10-01,298.007,32.7,36.66384917132819,7.758813957693,5.009633911368017,-2.5512345072806086
2022-11-01,298.786,32.82,36.70245399717523,7.122856456533988,5.091258405379451,-1.8965122088383413
2022-12-01,298.832,32.94,36.8309790785458,6.404600402357152,4.937878305192722,-1.3784386122575376
2023-01-01,300.42,33.02,36.725270021969244,6.327178517960097,4.493670886075951,-1.724401660460162
2023-02-01,301.45,33.15,36.74388007961519,5.957820738137087,4.772439949431084,-1.1187289248195453
2023-03-01,301.821,33.27,36.83156032880416,4.917719362889961,4.622641509433967,-0.2812469192504774
2023-04-01,302.845,33.43,36.883552081097584,4.950079879124369,4.599499374217775,-0.33404501007562315
2023-05-01,303.334,33.5,36.901199667693035,4.131851231385042,4.361370716510904,0.2204123737470587
2023-06-01,304.014,33.69,37.027483569835596,3.070617072997095,4.659832246039142,1.5418702421433617
2023-07-01,304.609,33.85,37.13066373613386,3.287749268428297,4.669140383426096,1.3374200955892368
2023-08-01,306.082,33.89,36.99564035127841,3.722504803505289,4.469790382244154,0.7204661902009857
2023-09-01,307.276,34.01,36.98237190668974,3.687206638119256,4.421246545901125,0.7079368145616494
2023-10-01,307.696,34.08,37.00790546513441,3.2512659098611785,4.220183486238516,0.9384074547068577
2023-11-01,308.148,34.17,37.051210035437514,3.1333462745911866,4.113345521023781,0.9502253944358108
2023-12-01,308.741,34.29,37.10991410275927,3.3159099427102934,4.098360655737721,0.7573380648355998
2024-01-01,309.698,34.47,37.18944122984327,3.0883429864855705,4.391278013325239,1.2639014160994666
2024-02-01,310.967,34.52,37.09140236745378,3.157074141648697,4.132730015082964,0.9457963804736957
2024-03-01,312.345,34.65,37.06683042789223,3.4868349120836584,4.147880973850304,0.6387730983638873
2024-04-01,313.023,34.76,37.103962200860636,3.3607951262196734,3.9784624588692807,0.5975837665483708
2024-05-01,313.175,34.89,37.224652638301265,3.244278584003113,4.149253731343294,0.8765378186103012
2024-06-01,313.044,35.01,37.36831343197761,2.9702579486470926,3.918076580587715,0.9204780592210415
2024-07-01,313.569,35.08,37.38033887278397,2.9414757935583014,3.633677991137363,0.672423036723524
2024-08-01,314.062,35.22,37.47060714126509,2.607144490692037,3.9244614930658006,1.283845300356501
2024-09-01,314.732,35.34,37.518236277213624,2.4264830315416708,3.9106145251396773,1.448972423607442
2024-10-01,315.631,35.46,37.538408014421904,2.578844053871343,4.049295774647899,1.4334843937257924
2024-11-01,316.528,35.6,37.57981473992822,2.719472461284833,4.184957565115588,1.4266867505410064
2024-12-01,317.604,35.69,37.54718262364453,2.870690967509981,4.082822980460765,1.178306475392099
2025-01-01,318.961,35.84,37.544574540461056,2.9909783078999608,3.974470554105025,0.9549304826145244
2025-02-01,319.679,35.94,37.56477009750405,2.8015834477613355,4.113557358053277,1.276219554496083
2025-03-01,319.785,36.11,37.72994483793798,2.381981462805549,4.213564213564225,1.7889698212414817
2025-04-01,320.302,36.12,37.67947661894087,2.32538823025783,3.9125431530494748,1.5510861480634075
2025-05-01,320.62,36.28,37.808847483001685,2.3772651073680873,3.9839495557466353,1.5693762152110269
2025-06-01,321.435,36.36,37.79614279714405,2.680453865910226,3.8560411311054033,1.14489878154449
2025-07-01,322.169,36.47,37.82411582119943,2.742618052167134,3.9623717217788013,1.1871934867304201
2025-08-01,323.291,36.62,37.84787457739312,2.9385917430316155,3.9750141964792762,1.0068356637663367
2025-09-01,324.245,36.7,37.81895696155685,3.0225715847133294,3.848330503678543,0.801532039302888
2025-11-01,325.063,37.0,38.03215684344266,2.988299628363511,4.34292160180485,1.3153163789765943
2025-12-01,326.031,37.02,37.9397346264619,3.00226204316838,3.9887640449438155,0.9577479001014577
2026-01-01,326.588,37.15,38.00803045427266,2.8286797395498997,4.090781731577486,1.2273832506887405
2026-02-01,327.46,37.27,38.02926271911073,2.6645890876940914,3.9899553571428603,1.290967295760237
2026-03-01,330.293,37.35,37.784006473040606,3.3202055812236786,3.9232053422370683,0.583622300808706
2026-04-01,332.407,37.41,37.60402371189536,3.9470269087042764,3.6001107726391535,-0.3337432020732889
2026-05-01,333.979,37.49,37.507062390150274,4.270032656680245,3.79291251384275,-0.45758127304752483
2026-06-01,332.568,37.59,37.76666513314571,3.7265298484186804,3.6108048511576785,-0.11156740462650028
2026-07-01,332.813,37.64,37.78906124460283,3.5397514271936714,3.5203520352035333,-0.018736177866696124
2026-08-01,334.131,37.76,37.76,3.7129581058388483,3.5371538250617007,-0.16951042954319595
